nxny;maxIter;elapsed
16384;200000;1934.096006;
65536;200000;8509.951124;
